{
    "src_points": [
        [
            490.0,
            127.0
        ],
        [
            919.0,
            169.0
        ],
        [
            930.0,
            357.0
        ],
        [
            520.0,
            445.0
        ]
    ],
    "target_size": [
        640,
        480
    ],
    "target_corners": [
        [
            0.0,
            0.0
        ],
        [
            640.0,
            0.0
        ],
        [
            640.0,
            480.0
        ],
        [
            0.0,
            480.0
        ]
    ],
    "hography_matrix": [
        [
            0.6004054004034673,
            -0.05664201890598736,
            -287.0051097966384
        ],
        [
            -0.09865628410797143,
            1.0077034733885606,
            -79.63676190744103
        ],
        [
            -0.0006551201528940362,
            4.719130040613554e-06,
            1.0
        ]
    ]
}